"atleta_id","nome","apelido"
37770,"Marcelo Grohe","Marcelo Grohe"
36612,"José Roberto da Silva Júnior","Zé Roberto"
37306,"Gilson Kleina","Gilson Kleina"
37604,"Paulo André Cren Benini","Paulo André"
36540,"Juan Silveira dos Santos","Juan"
37718,"Marcos Arouca da Silva","Arouca"
37281,"Luis Antônio Venker de Menezes","Mano Menezes"
37798,"Rafael Augusto Sobis do Nascimento","Rafael Sobis"
37705,"Juan Maldonado Jaimez Júnior","Juan"
37792,"Edimo Ferreira Campos","Edinho"
37701,"Leonardo da Silva Moura","Léo Moura"
38196,"Maicon Thiago Pereira de Souza","Maicon"
37623,"Rafael Marques Pinto","Rafael Marques"
37607,"Michel Fernandes Bastos","Michel Bastos"
37608,"Cristian Mark Junio Nascimento Oliveira Baroni","Cristian"
38545,"Felipe Melo de Carvalho","Felipe Melo"
37644,"Rodrigo Baldasso da Costa","Rodrigo"
37646,"Ebert Willian Amâncio","Betão"
37645,"Marcelo Mendonça de Mattos Terra","Marcelo Mattos"
37657,"Eduardo Luís Abonizio de Souza","Edu Dracena"
37653,"Nilmar Honorato da Silva","Nilmar"
37694,"Henrique Pacheco de Lima","Henrique"
37656,"Fábio Deivson Lopes Maciel","Fábio"
37673,"Alecsandro Barbosa Felisbino","Alecsandro"
37655,"Rafael Martiniano de Miranda Moura","Rafael Moura"
38225,"Luiz Guilherme da Conceição Silva","Muriqui"
37840,"Gustavo Franchin Schiavolin","Gustavo"
37674,"Wagner Ferreira dos Santos","Wagner"
38246,"Robson de Souza","Robinho"
38311,"Márcio Rodrigues Araújo","Márcio Araújo"
38229,"Fábio Santos Romeu","Fábio Santos"
37662,"Jonathan Cícero Moreira","Jonathan"
37688,"Cícero Santos","Cícero"
38277,"Thiago Neves Augusto","Thiago Neves"
38394,"Thiago Heleno Henrique Ferreira","Thiago Heleno"
38287,"Roger Rodrigues da Silva","Roger"
38279,"Wellington Pereira do Nascimento","Wellington Paulista"
38315,"Jadson Rodrigues da Silva","Jadson"
38440,"Lucas Pierre Santos Oliveira","Pierre"
38425,"Fábio Ferreira da Silva","Fábio Ferreira"
38738,"Douglas dos Santos","Douglas"
38431,"Diego Cavalieri","Diego Cavalieri"
38530,"Cleiton Ribeiro Xavier","Cleiton Xavier"
38523,"Edílson Mendes Guimarães","Edílson"
38421,"Rafael da Silva Francisco","Rafinha"
41327,"Vanderlei Luxemburgo da Silva","Vanderlei Luxemburgo"
38508,"Eder Luis de Oliveira","Eder Luis"
38748,"Maicon Douglas Sisenando","Maicon"
38908,"Renato Dirnei Florêncio","Renato"
38928,"Alexandro Silva de Souza","Dudu Cearense"
38910,"Ricardo de Oliveira","Ricardo Oliveira"
38852,"Anderson Luís de Abreu Oliveira","Anderson"
38913,"Anderson Luiz de Carvalho","Nenê"
39572,"José Renato da Silva Júnior","Renato"
38957,"Rafael Marques Mariano","Rafael Marques"
38909,"Diego Ribas da Cunha","Diego"
40006,"Abel Carlos da Silva Braga","Abel Braga"
40179,"Kleber Giacomace de Souza Freitas","Kleber"
40025,"Levir Culpi","Levir Culpi"
39152,"Jonas Jessué da Silva Júnior","Jonas"
41218,"Alessandro Beti Rosa","Magrão"
42116,"Willian Gomes de Siqueira","Willian"
41363,"Alexandre Tadeu Gallo","Alexandre Gallo"
40990,"Dorival Silvestre Júnior","Dorival Júnior"
42222,"Osvaldo Lourenço Filho","Osvaldo"
41929,"Renato Portaluppi","Renato Gaúcho"
42213,"Fernando Paixão da Silva","Fernando Bob"
42140,"Felipe Augusto Santana","Felipe Santana"
42145,"Egídio de Araújo Pereira Júnior","Egídio"
42234,"Cássio Ramos","Cássio"
42330,"Felipe Garcia dos Prazeres","Felipe Garcia"
42232,"William José de Souza","Amaral"
49674,"Fabricio dos Santos Silva","Fabrício"
42411,"Alexi Stival","Cuca"
49673,"Júlio César Jacobi","Júlio César"
50284,"Wilson Rodrigues de Moura Júnior","Wilson"
42501,"Luiz Rhodolfo Dini Gaioto","Rhodolfo"
50301,"Everton Cardoso da Silva","Everton"
42499,"Bruno Vieira do Nascimento","Bruno"
42500,"Fagner Conserva Lemos","Fagner"
50294,"Guilherme Milhomem Gusmão","Guilherme"
50324,"Hudson Rodrigues dos Santos","Hudson"
50328,"Marcelo Oliveira Ferreira","Marcelo Oliveira"
50398,"Paulo Henrique Carneiro Filho","Paulo Henrique"
50369,"Carlos Eduardo Marques","Carlos Eduardo"
50407,"Marco Antonio de Mattos Filho","Marquinho"
50362,"Lucas Rios Marques","Lucas"
50307,"Adilson Warken","Adilson"
50317,"David Braz de Oliveira Filho","David Braz"
50402,"Kayke Moreno de Andrade Rodrigues","Kayke"
50348,"Darío Leonardo Conca","Conca"
50459,"Leonardo Renan Simões de Lacerda","Léo"
50421,"Wesley Lopes Beltrame","Wesley"
50439,"Vilson Xavier de Meneses Junior","Vilson"
51042,"Luiz Diallison de Souza Alves","Apodi"
50427,"Ricardo Martins de Araújo","Kadu"
50408,"Breno Vinicius Rodrigues Borges","Breno"
50645,"Carlos Eduardo Santos Oliveira","Eduardo"
50856,"Henrique Adriano Buss","Henrique"
51175,"Denis Cesar de Matos","Denis"
51319,"Renato Adriano Jacó de Morais","Renato Cajá"
51299,"Emerson dos Santos Silva","Emerson Silva"
51318,"Leandro Donizete Gonçalves da Silva","Leandro Donizete"
51413,"Walter Leandro Capeloza Artune","Walter"
51415,"Roger de Carvalho","Roger Carvalho"
51705,"Bruno Rodrigo Fenelon Palomo","Bruno Rodrigo"
55594,"Cássio Luís Rissardo","Xuxa"
51772,"Éverton Augusto de Barros Ribeiro","Éverton Ribeiro"
53731,"Ferdinando Pereira Leda","Ferdinando"
51905,"Leandro Salino do Carmo","Leandro Salino"
51700,"Thiago Carleto Alves","Thiago Carleto"
52253,"Réver Humberto Alves Araújo","Réver"
54395,"Elias Mendes Trindade","Elias"
52950,"Víctor Leandro Bagy","Victor"
54797,"Túlio Vinícius Fróes de Melo","Túlio de Melo"
53669,"Lins Lima de Britto","Lins"
52674,"Gilson Gomes do Nascimento","Gilson"
55348,"Luis Ricardo Silva Umbelino","Luis Ricardo"
60784,"Rafael de Souza Pereira","Rafael Carioca"
60787,"Willians dos Santos Santana","Willians"
60780,"Vinícius Soares Eutropio","Vinícius Eutrópio"
56102,"João Paulo da Silva","João Paulo"
51792,"Antonio Eduardo Pereira dos Santos","Kanu"
60802,"Bruno Vieira Gallo","Bruno Gallo"
60788,"Marcos Antônio da Silva Gonçalves","Marquinhos"
60969,"Patric Cabral Lalau","Patric"
61211,"Carlos Cesar Neves","Carlos Cesar"
61149,"Lucca Borges Brito","Lucca"
60859,"Jael Ferreira Vieira","Jael"
60819,"Anderson Vital da Silva","Dedé"
61188,"Gilberto Oliveira Souza Júnior","Gilberto"
62024,"Edimar Curitiba Fraga","Edimar"
60853,"Julio Daniel dos Santos Rodríguez","Julio dos Santos"
61033,"Rodrigo Eduardo Costa Marinho","Rodriguinho"
61985,"Airton Ribeiro Santos","Airton"
62009,"Fernando Camilo Farias","Camilo"
62069,"Maikon Fernando Souza Leite","Maikon Leite"
62047,"Jean Raphael Vanderlei Moreira","Jean"
62086,"Marcos Rogério Ricci Lopes","Pará"
68834,"Francisco Rithely da Silva Sousa","Rithely"
62121,"Vanderlei Farias da Silva","Vanderlei"
62128,"Walter Henrique da Silva","Walter"
62997,"João Paulo Purcino de Almeida","João Paulo"
62104,"Róbson Michael Signorini","Robinho"
63000,"Victor Ramos Ferreira","Victor Ramos"
62974,"Werley Ananias da Silva","Werley"
62130,"William Matheus da Silva","William Matheus"
63058,"Willian Roberto Farias","Willian Farias"
69165,"Pablo Nascimento Castro","Pablo"
62129,"Wellington Aparecido Martins","Wellington"
63128,"Douglas Silva Bacelar","Douglas"
63110,"Alan Luciano Ruschel","Alan Ruschel"
63158,"Moisés Lima Magalhães","Moisés"
63013,"Marcos Luis Rocha Aquino","Marcos Rocha"
68887,"Welington Pereira Rodrigues","Gum"
63172,"Paulo Marcos de Jesus Ribeiro","Paulão"
68895,"Wellington Alves da Silva","Wellington Silva"
68893,"André Luiz Barretto Silva Lima","André Lima"
63177,"Luiz Severo Júnior","Júnior Viçosa"
63219,"Luan Madson Gedeão De Paiva","Luan"
68884,"Klever Rodrigo Gomes Rufino","Klever"
68901,"Rodrigo Pimpão Viana","Rodrigo Pimpão"
68896,"Ramon de Morais Motta ","Ramon"
68911,"Diego Souza de Andrade","Diego Souza"
68690,"André Felipe Ribeiro de Souza","André"
68910,"Anselmo de Moraes","Anselmo"
63422,"Jucilei da Silva","Jucilei"
73991,"Walisson Moreira Farias Maia","Walisson Maia"
68693,"Pablo Estifer Armero","Armero"
68928,"Rafael Pires Monteiro","Rafael"
68744,"Márcio Passos de Albuquerque","Emerson Sheik"
68725,"Diego Renan de Lima Ferreira","Diego Renan"
68920,"Eduardo Pereira Rodrigues","Dudu"
68745,"Emiliano Gabriel Vecchio","Vecchio"
68925,"Leonardo Fabiano da Silva e Silva","Leonardo Silva"
68929,"Thiago Ribeiro Cardoso","Thiago Ribeiro"
68930,"Welker Marçal de Almeida","Kieza"
68932,"Renan Ribeiro","Renan Ribeiro"
68749,"Everton Heleno dos Santos","Everton Heleno"
68758,"Luiz Fernando Pereira da Silva","Fernandinho"
68784,"Sérgio Dutra Júnior","Júnior Dutra"
68938,"Giovanni Augusto Oliveira Cardoso","Giovanni Augusto"
68698,"Bruno César Pereira da Silva","Bruno Silva"
68808,"Severino do Ramo Clementino da Silva","Nino Paraíba"
68986,"Gustavo dos Santos","Gustavo Santos"
68954,"Marcos Gabriel do Nascimento","Marquinhos Gabriel"
68950,"Ronaldo Luiz Alves","Ronaldo Alves"
68987,"João Vitor Lima Gomes","João Vitor"
68953,"Leandro Damião da Silva dos Santos","Leandro Damião"
68770,"Guilherme de Aguiar Camacho","Camacho"
68822,"Rafael de Carvalho Santos","Rafael Santos"
68995,"Régis Ribeiro de Souza","Régis Souza"
68773,"Henrique Almeida Caixeta Nascentes","Henrique Almeida"
68979,"Giovanni Aparecido Adriano dos Santos","Giovanni"
68827,"Renato de Araújo Chaves Júnior","Renato Chaves"
69014,"Manoel Messias Silva Carvalho","Manoel"
69018,"Deivid Willian da Silva","Deivid"
69008,"Hélio Hermito Zampier Neto","Neto"
69010,"João Carlos Heidemann","João Carlos"
69012,"Aderbar Melo dos Santos Neto","Santos"
69036," Eduardo José Diniz Costa","Eduardo"
70323,"Jorge Amorim de Oliveira Campos","Jorginho"
69016,"Paulo Sérgio de Oliveira","Paulinho"
70222,"Sidney Aparecido Ramos da Silva","Sidão"
70581,"Fillipe Soutto Mayor Nogueira Ferreira","Fillipe Soutto"
69040,"Vladimir Orlando Cardoso de Araújo Filho","Vladimir"
69047,"Paulo Roberto da Silva","Paulo Roberto"
70666,"Marllon Gonçalves Jerônimo Borges","Marllon"
69160,"Gastón Nicolás Fernández","Gastón Fernández"
68807,"Sosthenes José Santos Salles","Neto Berola"
69177,"Leonardo Moreira Morais","Léo"
70742,"Luis Manuel Seijas Gunther","Seijas"
70916,"Diogo Barbosa Mendanha","Diogo Barbosa"
69138,"Pablo Felipe Teixeira","Pablo"
70696,"Fábio Luiz Carille de Araújo","Fábio Carille"
70929,"Guilherme Ferreira Pinto","Negueba"
70934,"Jackson de Souza","Jackson"
69249,"Martín Andrés Silva","Martín Silva"
70986,"Leonardo Cittadini","Léo Cittadini"
70944,"Bruno Henrique Corsini","Bruno Henrique"
69705,"Maycon Vinícius Ferreira da Cruz","Nikão"
69282,"Lucas Ramón Barrios Arioli","Lucas Barrios"
71162,"Vinícius Goes Barbosa de Souza","Vinícius"
70046,"Victor Ferraz Macedo","Victor Ferraz"
70058,"Tiago Real do Prado","Tiago Real"
71066,"Federico Mancuello","Mancuello"
71227,"Maicon Pereira Roque","Maicon"
71719,"Elton Junior Melo Ataíde","Elton"
70116,"Fellipe Ramos Ignez Bastos","Fellipe Bastos"
70009,"Romulo Borges Monteiro","Romulo"
70132,"Alan Santos da Silva","Alan Santos"
71920,"Michel Ferreira dos Santos","Michel "
71892,"Wellington do Nascimento Silva","Wellington Silva"
71389,"Alexander Baumjohann","Baumjohann"
71479,"Luis Oscar González","Lucho González"
70173,"Ederson Honorato Campos","Ederson"
71549,"Kelvin Mateus de Oliveira","Kelvin"
71572,"Gabriel Rybar Blos","Gabriel"
71927,"Diego da Silva Rosa","Diego Rosa"
71571,"Fernando Miguel Kaufmann","Fernando Miguel"
72007,"Uillian Correia Granemann","Uillian Correia"
71937,"Paulo Roberto Valoura Júnior","Juninho"
71704,"Andrés Ramiro Escobar Díaz","Manga Escobar"
72079,"Bruno Cortês Barbosa","Bruno Cortez"
71818,"Bruno Medeiros Grassi","Bruno Grassi"
71631,"Weverton Pereira da Silva","Weverton"
72150,"Fernando Galhardo Borges","Fernandinho"
71709,"Gustavo Leonardo Cuellar Gallego","Cuéllar"
71724,"Agenor Detofol","Agenor"
72168,"João Paulo Mior","João Paulo"
72490,"Frederico Burgel Xavier ","Fred"
72362,"Rodrigo Oliveira Lindoso","Rodrigo Lindoso"
72290,"Jailson Marcelino dos Santos","Jailson"
72565,"Lázaro Luan Scapolan","Luan"
72491,"Matheus Simonete Bressanelli","Bressan"
72037,"Renan de Oliveira Fonseca","Renan Fonseca"
72386,"Hernane Vidal Souza","Hernane"
72603,"William Amorim Martins de Menezes","William Menezes"
72297,"Airton Tirabassi","Airton "
72745,"Damián Ariel Escudero","Escudero"
72595,"Mauricio Kozlinski","Mauricio Kozlinski"
72893,"Eduardo Alves da Silva","Eduardo da Silva"
72376,"Cléber Janderson Pereira Reis","Cléber"
73336,"Rafael Martins Claro","Rafael Martins"
72879,"Vladimir Javier Hernández Rivero","Vladimir Hernández"
73340,"Getterson Alves dos Santos","Getterson"
73281,"Renê dos Santos Júnior","Renê Júnior"
72871,"Sherman Andrés Cárdenas Estupiñan","Cárdenas"
79437,"Roger Machado Marques","Roger Machado "
73978,"René Ferreira dos Santos","René"
73384,"Samuel Xavier Brito","Samuel Xavier"
84855,"Raul Prata","Raul Prata"
73421,"Rafael Vaz dos Santos","Rafael Vaz"
73446,"Éderson Alves Ribeiro Silva","Éderson"
73992,"Rodinei Marcelo de Almeida","Rodinei"
74140,"José Élber Pimentel da Silva","Élber"
74060,"Luiz Antonio de Souza Soares","Luiz Antonio "
74081,"Guilherme Costa Machado Silveira","Guilherme Costa"
74213,"Alejandro Abraham Guerra Morales","Alejandro Guerra"
77967,"Eugenio Esteban Mena Reveco","Mena"
74061,"Roberto Junior Fernández Torres","Gatito Fernández"
77529,"Leandro da Silva","Leandro Silva"
74271,"Edigar Junio Teixeira Lima ","Edigar Junio"
77544,"Jorge de Moura Xavier","Jorginho"
75295,"José Paolo Guerrero Gonzales","Paolo Guerrero"
77500,"Yago Fernando da Silva","Yago"
78117,"Everaldo Stum","Everaldo"
77959,"Jonathan Copete Valencia","Copete"
77556,"Bruno Brígido de Oliveira","Bruno Brígido"
78578,"Paulo Luiz Beraldo Santos","Paulinho"
78086,"César Bernardo Dutra","César"
77551,"Thomás Jaguaribe Bedinelli","Thomás"
78407,"Douglas Ricardo Grolli","Douglas Grolli"
78445,"Renê Rodrigues Martins","Renê"
78371,"Miller Alejandro Bolaños Reasco","Miller Bolaños"
78077,"Madson Ferreira dos Santos","Madson"
78248,"Gustavo Henrique Vernes","Gustavo Henrique"
78548,"Jean Mota Oliveira de Sousa","Jean Mota"
78495,"Marcos de Paula Dutra","Marcos"
78464,"Fábio Farroco Braga","Fábio Braga"
78850,"Reinaldo Manoel da Silva","Reinaldo"
78715,"Ramiro Moschen Benetti","Ramiro"
78478,"Willian Souza Arão da Silva","Willian Arão"
78497,"Arnaldo Manoel de Almeida","Arnaldo"
78632,"Bryan Silva Garcia","Bryan"
78840,"Pedro Henrique de Castro Silva","Pedro Castro"
78605,"Gabriel Girotto Franco","Gabriel"
78584,"Douglas Alan Schuck Friedrich","Douglas Friedrich"
78855,"Thiago dos Santos","Thiago Santos"
78968,"Leandro Marcos Pereira","Leandro Pereira"
78839,"Gabriel Bordinhão Gasparotto","Gabriel Gasparotto"
78991,"Moisés Ribeiro Santos","Moisés Ribeiro"
79035,"Luiz Felipe do Nascimento dos Santos","Luiz Felipe"
79042,"Tiago Pagnussat","Tiago "
78897,"Marinaldo dos Santos Oliveira","Naldo"
79041,"Antonio Thomaz Santos de Barros","Thomaz"
78994,"Eduardo Henrique da Silva","Eduardo Henrique"
78856,"Marcos Antônio Almeida Silva","Marcão Silva"
79334,"Ricardo César Dantas da Silva","Ricardo Silva"
79193,"Jucimar Lima Pacheco","Abuda"
78891,"Petros Mateus dos Santos Araújo","Petros"
79066,"Alex Roberto Santana Rafael ","Alex Muralha"
79343,"Dorival Guidoni Júnior","Doriva"
79578,"Luiz Ricardo Alves","Sassá"
79702,"Antônio Carlos Cunha Capocasali Júnior","Antônio Carlos "
79892,"Odair Souza ","Nenén"
79887,"Fabiano Leissmann","Fabiano"
80129,"Jadson Alves dos Santos","Jadson"
80124,"Matheus Mancini","Matheus Mancini"
79701,"Lucas Silva Borges","Lucas Silva"
80140,"Nadson da Silva Almeida","Nadson"
80281,"Cleberson Martins de Souza","Cleberson"
80286,"Matheus Caldeira Vidotto de Oliveira","Matheus Vidotto"
80189,"Lucas Fonseca da Silva","Lucas Fonseca"
80188,"Marcos Junio Lima dos Santos","Marcos Junior"
79973,"Helton Brant Aleixo Leite","Helton Leite"
80196,"Glaybson Yago Souza Lisboa","Yago Pikachu"
80583,"Lucas Rafael Araujo Lima","Lucas Lima"
80313,"Gilberto Moraes Júnior","Gilberto "
80318,"Ezequiel Jacinto de Biasi","Ezequiel "
80337,"Arthur Caíke do Nascimento Cruz","Arthur "
81150,"Mayke Rocha de Oliveira","Mayke"
80373,"Wanderson Carvalho de Oliveira","Wanderson"
80537,"Michael Vinicius Silva de Morais","Michael"
80363,"Alejandro Ariel Cabral","Ariel Cabral"
80370,"Edson Felipe da Cruz","Edson"
80692,"Luan Garcia Teixeira","Luan"
80853,"Pedro Tonon Geromel","Pedro Geromel"
80944,"Johnath Marlone Azevedo da Silva","Marlone"
81094,"Vitor Prada Macaneiro","Vitor Prada"
81770,"Clayton Silveira da Silva","Clayton"
81684,"Andrés Lorenzo Ríos","Andrés Ríos"
81682,"Juan Ramón Cazares Sevillano","Cazares"
81219,"Thallyson Augusto Tavares Dias","Thallyson"
81241,"Oswaldo José Henríquez Bocanegra","Oswaldo Henríquez"
81845,"Alisson Euler de Freitas Castro","Alisson"
81798,"Rosicley Pereira da Silva","Rossi"
81903,"Wellington Simião","Wellington Simião"
81898,"Osman de Menezes Venâncio Junior","Osman"
82411,"Christian Alberto Cueva Bravo","Cueva"
82613,"Alan Henrique Costa","Alan Costa"
81223,"Frickson Rafael  Erazo Vivero","Erazo"
82455,"José Rafael Vivian","Zé Rafael "
81905,"José Henrique da Silva Dourado","Henrique Dourado"
82469,"Douglas Coutinho Gomes de Souza","Douglas Coutinho "
82463,"Otávio Henrique Passos Santos","Otávio "
82634,"Matheus Galdezani","Matheus Galdezani"
82647,"Régis Augusto Salmazzo","Régis"
82644,"Leonardo Artur de Melo","Léo Artur"
82567,"Moisés Wolschick","Moisés"
82791,"Toshiya Tojo","Toshi"
84382,"Danilo Carvalho Barcelos","Danilo Barcelos"
82817,"Tomas Almino Bastos Silva","Tomas Bastos"
82754,"André Andrade de Castro","André Castro"
83004,"Rómulo Otero Vásquez","Otero"
82515,"Reginaldo Manoel da Silva Júnior","Reginaldo"
83522,"Fagner Ironi Daponte","Fagner Alemão"
82787,"Tagueu Tadjo Diederrick Joel","Joel"
82773,"Gilvan Souza Correa","Gilvan"
82943,"Matheus Antunes Ribeiro","Matheus Ribeiro"
83433,"Patrick Bezerra do Nascimento","Patrick"
83048,"Rafael Thyere Albuquerque Marques","Rafael Thyere"
83615,"Thiago Martins Bueno","Thiago Martins"
83772,"Neilton Meira Mestzk","Neilton"
83683,"Andrei Girotto","Andrei Girotto"
83786,"Hueglo Neris dos Santos","Neris"
86410,"Victor Luis Chuab Zamblauskas","Victor Luis"
83817,"Clayson Henrique da Silva Vieira","Clayson"
84558,"Lucas Daniel Romero","Lucas Romero"
84554,"Lucas Cavalcante Silva Afonso","Lucão"
84585,"Agustín Lionel Allione","Allione"
84718,"Denilson Pereira Junior","Denilson"
84530,"Maximiliano Rodríguez Maeso","Maxi Rodríguez"
84313,"Antônio Filipe Gonzaga de Aquino","Feijão"
84691,"Judson Silva Tavares","Judson"
84703,"Nilton Soares Rodrigues","Niltinho"
84847,"Luan Peres Petroni","Luan Peres "
90366,"Luiz Fernando Ferreira Maximiliano","Luiz Fernando "
84851,"Lucas Cândido Silva","Lucas Cândido"
84761,"Claudinei dos Santos Oliveira","Claudinei Oliveira"
84848,"Erik Nascimento Lima","Erik"
38001,"Anderson Pedro Nunes da Silva Campos","Anderson"
37919,"Luis Fabiano Clemente","Luis Fabiano"
37934,"Roger de Oliveira Bernardo","Roger Bernardo"
37984,"Mário Lúcio Duarte Costa","Aranha"
37851,"Maicosuel Reginaldo de Matos","Maicosuel"
38067,"Danilo Gabriel de Andrade","Danilo"
38062,"Diego Alfredo Lugano Moreno","Lugano"
38021,"Wendel Geraldo Maurício e Silva","Wendel"
38100,"Severino dos Ramos Durval da Silva","Durval"
83869,"Diego Barbosa Tavares","Diego Tavares"
38140,"Fernando Buttenbender Prass","Fernando Prass"
83263,"Yuri Lima Lara","Yuri"
38138,"João Alves de Assis Silva","Jô"
38150,"Marcos Vicente dos Santos","Marquinhos"
38109,"Jefferson de Oliveira Galvão","Jefferson"
38162,"Frederico Chaves Guedes","Fred"
38156,"Artur Guilherme Moraes Gusmão","Artur Moraes"
85300,"Orlando Enrique Berrío Meléndez","Berrío "
84861,"Alex da Silva","Alex Silva"
84896,"Lucas Otávio Veiga Lopes","Lucas Otávio "
84926,"Yago Henrique Severino dos Santos","Yago"
84925,"Elder Santana Conceição","Elder Santana"
95332,"Marcio Antonio de Sousa Júnior","Marcinho"
84893,"Henrique Silva Milagres","Henrique"
84993,"Fabrício Santos de Jesus","Fabrício Baiano"
84917,"Jeferson de Araújo de Carvalho","Jeferson"
73515,"Gabriel Santana Pinto","Gabriel"
73513,"Francinilson Santos Meireles","Maranhão"
84890,"Elosman Euller Silva Cavalcanti","Euller "
73517,"Douglas Moreira Pires","Douglas Pires"
84927,"Raphael Guimarães de Paula","Dodô"
86143,"Wanderson Santos Pereira","Wanderson"
73635,"Rildo de Andrade Felicissimo","Rildo"
73540,"José Rogério de Oliveira","Rogério"
73649,"Lucas David Pratto","Lucas Pratto"
73721,"Marcos Vinícius de Jesus Araújo","Marcos Vinícius"
73800,"Rodrigo Caio Roquette Russo","Rodrigo Caio"
86227,"Andrew Erik Feitosa","Morato"
73876,"Jomar Herculano Lourenço","Jomar"
73869,"John Lennon Silva Santos","Lennon"
73974,"Alison Lopes Ferreira","Alison"
95483,"Luiz Felipe Schwartz Dal Piva ","Luiz Felipe"
95335,"Matheus Sousa de Jesus","Matheus Jesus"
86411,"Breno Gonçalves Lopes","Breno Lopes"
95539,"Fabrício Silva Costa","Fabrício"
95638,"Marcelo da Conceição Benevenuto Malaquias","Marcelo"
95542,"Edilson Borba de Aquino","Ourinho"
95543,"Renan Gorne Silva","Renan Gorne"
95651,"Filipe Rodrigues de Souza Santos","Filipinho"
86486,"Milton Mendes","Milton Mendes"
95770,"Victor Hugo Santana Carvalho","Vitinho"
95662,"Lucas Kal Schenfeld Progioli","Lucas Kal"
86508,"Jandrei Chitolina Carniel","Jandrei"
86485,"Marcos da Silva França","Keno"
95780,"José Ricardo Mannarino","Zé Ricardo"
73619,"Wellington Silva Sanches Aguiar","Wellington Nem"
95660,"Felipe Araruna Hoffman","Araruna"
95738,"Miguel Ángel Trauco Saavedra","Trauco"
86519,"Everton Felipe de Oliveira Silva","Everton Felipe"
73896,"Geuvânio Santos Silva","Geuvânio"
89694,"James Dean Araújo de Lima","James Dean"
95831,"Caique da Silva Maria","Caíque"
95843,"Sander Henrique Bortolotto","Sander"
95837,"Fabián Ariel Noguera","Fabián Noguera"
95820,"Leonardo Rodrigues dos Santos","Léo Santos"
95794,"Nathanael Ananias da Silva","Nathan"
95798,"Gustavo Costa da Silva Machado","Gustavo Bochecha"
96055,"Yan Medeiros Sasse","Yan"
95849,"Felipe Gustavo Domingos","Felipe"
95876,"Douglas Luiz Soares de Paulo","Douglas"
95978,"Tyroane Joe Sandows","Ty Sandows"
89815,"Gustavo Henrique Ferrareis","Gustavo Ferrareis"
95936,"Daniel Cerântula Fuzato","Daniel Fuzato"
96089,"Luiz Filipe da Rosa Machado","Machado"
89696,"Romulo dos Santos de Souza","Romulo"
96340,"Vinicius Moreira de Lima","Lima"
89695,"Iury Lirio Freitas de Castilho","Iury"
89885,"Leandro Alves de Carvalho","Leandrinho"
96328,"Matheus Oliveira Santos","Matheus Oliveira"
96349,"Geovane Henrique Pereira de Souza","Geovane"
89871,"Leonardo Pisculichi","Pisculichi"
89924,"Bruno Edgar Silva Almeida","Bruno Ramires"
96411,"Cassiano Silva dos Santos","Cassiano"
89930,"Andrigo Oliveira de Araujo","Andrigo"
89898,"Róger Krug Guedes","Róger Guedes"
96464,"Mauricio Tomazi Pinheiro","Mauricio"
96804,"Vitor da Silva Vieira","Vitor"
96524,"Victor Lindenberg Vieira","Victor Lindenberg"
90061,"Bruno de Jesus Pacheco","Bruno Pacheco"
89976,"Gerferson Cerqueira Teles","Geferson"
96965,"Leonardo Thomas Lopes","Léo Lopes"
96433,"Ralph Machado Dias","Ralph"
90031,"John Stiven Mendoza Valencia","Mendoza"
96591,"Renan Augusto Lodi dos Santos","Renan Lodi"
90285,"Bruno Henrique Pinto","Bruno Henrique"
90302,"Pedro Rocha Neves","Pedro Rocha"
96832,"Rodrigo Figueiredo de Carvalho","Rodrigo Figueiredo"
90290,"Jaílson Marques Siqueira","Jailson"
96831,"Carlos Moisés de Lima","Carlinhos"
96870,"Emerson Aparecido Leite de Souza Junior","Emerson"
96966,"Arthur Gomes Lourenço","Arthur Gomes"
97228,"Carlos Vitor da Silva Nascimento","Santarém"
90309,"David Correa da Fonseca","David"
97138,"Renan Silva Bragança","Dida"
90303,"Lincoln Henrique Oliveira dos Santos","Lincoln"
97315,"Guilherme Mantuan","Mantuan"
97322,"Gabriel Vinícius de Oliveira Furtado","Gabriel Furtado"
95127,"Nicolas Vichiatto da Silva","Nicolas"
90335,"Jeferson Carvalho dos Santos","Jeferson Negueba"
97349,"Daniel dos Santos Penha","Daniel"
97444,"Julio Cezar Rusch","Julio Rusch"
99257,"João Erick Marques da Silva","João Erick"
97445,"Matheus Felipe Camargo Iacovelli","Matheus Iacovelli"
97352,"Luiz Henrique Pachu Lira","Pachu"
97452,"Marcos Vinícius Silva Rocha Calazans","Marcos Calazans"
97502,"Yilmar Alexis Filigrana Possu","Filigrana"
97443,"Romercio Pereira da Conceição","Romercio"
97527,"Matheus Alessandro dos Santos Pereira","Matheus Alessandro"
97528,"Wesley Frazan Bernardo","Frazan"
97536,"Bryan Borges Mascarenhas","Bryan"
97520,"Shaylon Kallyson Cardoso","Shaylon"
97532,"Jean Paul Jesús Pineda Cortés","Jean Pineda"
97537,"Gabriel Dal Toé Busanello","Busanello"
97535,"Hiago Correa Silveira Cena","Hiago"
97540,"Vinícius Szeuczuk Ribeiro","Vinícius Guarapuava"
97645,"Thiago Couto Wenceslau","Thiago Couto"
97538,"Marcio Marcelo Leite Júnior","Marcio"
97653,"Murilo Cerqueira Paim","Murilo"
97546,"Marco Túlio Oliveira Lemos","Marco Túlio"
97680,"Yan Oliveira Lima","Yan"
97856,"Lucas de Souza Ventura","Nonoca"
97769,"Yuri Jonathan Vitor Coelho","Yuri"
97768,"Reynaldo César Moraes","Reynaldo"
97771,"Wytallo Thiago Lima da Silva","Thiaguinho"
97878,"Jacy Maranhão Oliveira","Jacy"
97879,"Matheus Aleksander dos Anjos","Matheus Anjos"
97863,"Jhemerson Guimarães Gaigher","Jhemerson"
98034,"Maílson Tenório dos Santos","Maílson"
97877,"Patrick Correia Sales","Patrick Correia"
97880,"Murillo Magno de Carvalho","Murillo"
97902,"Rafael Santos de Sousa","Rafael"
90634,"Lucas da Silva Izidoro","Lucas Mineiro"
90587,"Gustavo Cascardo de Assis","Cascardo"
98035,"Caio Felipe dos Santos Silva","Caio"
98184,"Rodrigo Alves da Cruz","Rodrigo Pelezinho"
98315,"Evanderson Costa da Silva","Evanderson"
98352,"Bruno Guimarães Rodriguez Moura","Bruno Guimarães"
98056,"Luiz Felipe Machado de Souza","Luiz Felipe"
98333,"Gabriel Batista de Souza","Gabriel Batista"
98402,"Marcus Wendel Valle da Silva","Wendel"
98221,"Ilson Cedric Borges de Accacio Lima","Cedric"
98401,"Patrick Luan dos Santos","Patrick Luan"
98517,"Jean Lucas de Souza Oliveira","Jean Lucas"
98515,"Lucas da Silva de Jesus","Lucas Silva"
98516,"Loran dos Santos da Silva","Loran "
98706,"Pedro Victor Delmino da Silva","Pedrinho"
98874,"Marcelo dos Santos Rosa","Marcelo"
98766,"Emanuel Rocha Dos Santos","Emanuel"
98774,"Flávio Augusto De Castro","Flávio"
98765,"José Marcos Costa Martins","Marquinho"
98952,"Leonardo Natel Vieira","Léo Natel"
98888,"Cláudio Vitor Morais de Lima Cruz","Cláudio Vitor"
98945,"Derlan de Oliveira Bento","Derlan"
98910,"João Pedro Ribeiro dos Reis","João Pedro"
99033,"Joao Victor Inacio Araujo","João Victor"
99254,"Dayvid Alexsander da Silva","Dayvid"
90651,"Rodrigo Gomes dos Santos","Rodrigão"
99021,"Riuler de Oliveira Faustino","Riuler"
99035,"Pedro Vitor Ferreira Da Silva ","Pedro Vitor"
99041,"Pedro Gomes Bortoluzo","Pedro Bortoluzo"
99283,"Junior Henrique Eichelberger","Henrique"
99258,"Matheus Bezerra Santos","Matheus Bezerra"
99032,"João Paulo Ferreira Lourenço","Lourenço"
99256,"Alesandro dos Santos Pereira","Alesandro"
99379,"Guilherme Borges Neves","Borges"
99255,"Pedro Henryque Pereira dos Santos","Pedro Henryque"
99034,"Elias Lira Nogueira Junior ","Elias"
99353,"Lucas de Oliveira Antunes","Lucas Índio"
99388,"Lucas Vinícius Santos Bernardino","Lucas Vinícius"
99461,"Daniel dos Santos Oliveira","Daniel"
99356,"José Vinícius Almeida Soares","Vinícius"
99411,"Alexsander Jhonatta de Oliveira Andrade","Alexsander"
99425,"Felipe Souza Moreno Sampaio","Felipe"
99424,"Éder Gabriel Militão","Éder Militão"
90399,"Jonathan da Silveira Fernandes Reis","Fernandes"
90444,"Moisés Roberto Barbosa","Moisés"
99430,"Diego Terra Loureiro","Diego"
90455,"Jefferson Vasconcelos Braz da Silva ","Jefferson Nem"
99474,"Wenderson Da Silva Costa Ferreira","Wenderson"
99460,"Caio Alan Tem Catem Gonçalves","Caio"
90531,"Raul José Cardoso","Raul"
99535,"Vinicius José Paixão de Oliveira Junior","Vinicius Junior"
90532,"Arthur Henrique Ramos de Oliveira Melo","Arthur"
90535,"Alex Sandro dos Santos Apolinario","Alex"
90566,"Rafael Vinicius Carvalho Longuine","Rafael Longuine"
99625,"Conrado Buchanelli Holz","Conrado"
99616,"Felipe Saraiva","Felipe Saraiva"
90715,"Luiz Fernando Moraes dos Santos","Luiz Fernando "
90569,"Yuri Oliveira Lima","Yuri"
99550,"Fernando Peixoto Costanza","Fernando"
99628,"Ezequiel Gonzalo Esperon","Esperon"
99588,"Paulo Vitor Fernandes Pereira","Paulo Vitor"
90768,"Fabrício Bruno Soares de Faria","Fabrício Bruno"
99615,"Bruno Cosendey Lobo Pinto","Bruno Cosendey"
99670,"Arthur Henrique Vieira Araujo","Arthur"
99661,"Igor Cássio Vieira dos Santos","Igor Cássio"
90899,"Lucas Fernandes","Lucas Fernandes"
93414,"Mauro Joel Carli","Joel Carli"
90843,"Elias Martello Curzel","Elias"
90933,"Jean Paulo Fernandes Filho","Jean"
90892,"Wallace Ribeiro Barato","Wallace"
99818,"Paulo Henrique Sampaio Filho ","Paulinho"
99817,"Gleison Bremer Silva Nascimento","Bremer"
91001,"Evandro Lima de Oliveira Filho","Evandro"
91003,"Alison Vicente da Silva","Alison"
99789,"Brenner Souza da Silva","Brenner"
91094,"Ramón Darío Ábila","Ábila"
99721,"Matheus Mascarenhas dos Santos Raimundo","Mascarenhas"
99832,"Leonardo da Silva Simas","Léo"
99834,"Dionathã da Silva","Dionathã"
91101,"Ronaldo de Oliveira Strada","Ronaldo"
91102,"Flávio Medeiros da Silva","Flávio"
99824,"Douglas Santos da Silva","Douglas"
99878,"Leonardo Da Silva Passos","Léo Passos"
99880,"Clesly Evandro Guimarães","Kelly"
91156,"Jesiel Cardoso Miranda","Jesiel"
91203,"Éder Ferreira Graminho","Éder "
91204,"Warleson Stellion Lisboa Oliveira","Warleson"
91264,"Matheus Gonçalves Savio","Matheus Savio"
91260,"Lucas Estella Perri","Lucas Perri"
91201,"Eduardo Gabriel Aquino Cossa","Pepê"
91194,"Thiago Rodrigues da Silva","Thiago"
93490,"Guilherme Henrique Silva Nogueira","Guilherme"
91191,"Gustavo Blanco Petersen Macedo","Gustavo Blanco"
93551,"Igor Henrique Martins Machado","Igor"
93739,"Peterson Silvino da Cruz","Peu"
91359,"Bruno Bispo dos Anjos","Bruno Bispo"
91388,"Rodrigo de Oliveira Ramos","Rodrigo Ramos"
89693,"Leonan José Valandro Gomes","Leonan"
92614,"Rafaelson Bezerra Fernandes","Rafaelson"
94857,"Jonatan David Gomez Ospina","Jonatan Gomez"
91573,"Robert Abel Arboleda Escobar","Arboleda"
99881,"Ricardo Queiroz de Alencastro Graça","Ricardo"
94854,"César de São José Morais","César"
93785,"Alan Cardoso de Andrade","Alan Cardoso"
91519,"Colin Kazim-Richards","Kazim"
94930,"Lucas Tolentino Coelho de Lima","Lucas Paquetá"
94894,"João Victor da Vitória Fernandes","Capixaba"
94885,"Leonardo Felipe Santos da Silva","Léo"
93746,"Reinaldo Lenis Montes","Lenis"
94931,"Lucas Fernandes da Silva","Lucas Fernandes"
91508,"Leonardo Felipe Valencia Rossel","Leonardo Valencia"
91664,"Adryelson Shawann Lima Silva","Adryelson"
93787,"Andrey Ramos do Nascimento","Andrey"
94966,"Deijair dos Santos Nunes","Deijair "
93788,"Evander da Silva Ferreira","Evander"
93869,"Lucas Oliveira de França","Lucas França"
93789,"Caio Monteiro Costa","Caio Monteiro"
91706,"Marlon Rodrigues Xavier","Marlon"
94962,"Lucas Emanoel Leite Romão","Lucão"
94971,"Luís Fernando Santos da Conceição","Luís Fernando"
94968,"Luis Antônio da Rocha Júnior","Juninho Capixaba"
93790,"Marlon Rodrigues Freitas","Marlon Freitas"
94985,"Domilson Cordeiro dos Santos","Dodô"
91714,"Marciel Silva da Silva","Marciel"
94975,"Marco Antônio Rosa Furtado Júnior","Marco Antônio"
95022,"Thalis Henrique Cantanhede","Thalis "
93797,"Márcio Almeida de Oliveira","Marcinho"
91715,"Matheus Henrique Cassini de Paula","Matheus Cassini"
91808,"Caíque França Godoy","Caíque França"
95023,"Luis Guilherme Castro de Melo","Luis Guilherme"
93846,"Rafael Augusto Leite Fachin","Rafael Fachin"
95058,"Onitlasi Júnior de Moraes Rodrigues","Moraes"
91842,"Breno Evangelista Cantão de Oliveira","Breno"
91815,"Ygor Nogueira de Paula","Nogueira"
95054,"Waltenecir da Silva Ramos Júnior","Júnior Ramos"
92630,"Claudio Luiz Rodrigues Parise Leonel","Claudinho"
91866,"José Ivaldo Almeida Silva","Zé Ivaldo"
93882,"Cleiton Schwengber","Cleiton"
91917,"Adniellyson da Silva Oliveira","Silva"
93986,"Luis Ángel Salazar Cuesta","Salazar"
92981,"Ronaldo da Silva Souza","Ronaldo"
93108,"Mateus da Silva Vital Assumpção","Mateus Vital"
92662,"Denilson dos Santos de Souza","Denilson"
99629,"Jadson Ailton Oliveira Da Silva Vale","Jadson"
94004,"Andrei Alba","Andrei Alba"
91929,"Everson Bispo Pereira","Everson"
94003,"Lucas Luiz Scalon","Scalon"
95126,"Yago César da Silva","Yago"
93146,"Yan Matheus Santos Souza","Yan"
94044,"John Victor Maciel Furtado","John Victor"
94045,"Diego Gomes dos Santos","Diego Gomes"
91972,"João Paulo Queiroz Moraes","João Paulo"
93151,"Thiago Nascimento dos Santos","Thiago Santos"
94978,"Kaynan Ribeiro Cruz","Kaynan"
92057,"Gabriel Félix dos Santos","Gabriel Félix"
94138,"Felipe dos Reis Pereira Vizeu do Carmo","Felipe Vizeu"
94105,"Devid de Santana Silva","Devid"
94102,"Matheus Gutz","Matheus"
94119,"Lucas da Silva Rocha","Lucas Rocha"
91973,"Lucas Marques de Oliveira","Lucas Marques"
92081,"Richarlison Andrade","Richarlison "
92078,"Wallace Lucas Aires da Silva","Wallace"
94144,"Thallyson Gabriel Lobo Seabra","Thallyson"
94147,"Lucas Ferreira Amaral","Lucas Ferreira"
94067,"Matheus Fernandes Siqueira","Matheus Fernandes"
94154,"Maycon de Andrade Barberan","Maycon"
93153,"Eriélton Carlos Pacheco","Pachequinho"
92084,"Mário Sérgio Pereira Junior","Mário"
92180,"Jair Ventura","Jair Ventura"
94214,"Leonardo Campos Duarte da Silva","Léo Duarte"
94207,"Guilherme Augusto Vieira dos Santos","Guilherme"
92182,"José Carlos Ferreira Júnior","Juninho"
94249,"Lourency do Nascimento Rodrigues","Lourency"
94286,"Pedro Henrique Perotti","Perotti"
93296,"Aderllan Leandro de Jesus Santos","Aderllan Santos"
92085,"Giovanny Bariani Marques","Giovanny "
93368,"Lucas Veríssimo da Silva","Lucas Veríssimo"
93369,"Rodrigo Nascimento França ","Rodrigo Becão"
92193,"Ravanelli Ferreira dos Santos","Ravanelli"
87833,"Luis Alberto Caicedo Medina","Luis Caicedo"
92191,"Leonardo Rodrigues Lima","Léo Jabá"
94336,"Mateus Norton Gomes Chaves","Mateus Norton"
92207,"Caíque Luiz Santos da Purificação","Caíque"
94445,"Edimar Ribeiro da Costa Júnior","Juninho"
93378,"Augusto de Souza Silva","Augusto"
94288,"Guilherme Natan de Lima","Lima"
92438,"Matheus Phillipe Coutinho Gomes","Matheus Phillipe"
86724,"Walter Luiz Silva de Araujo","Luizão"
86760,"Lucas Macanhan Ferreira","Lucas Macanhan"
86713,"Jonathan Francisco Lemos","Jonathan"
86759,"Luan Guilherme de Jesus Vieira","Luan"
86764,"Sidcley Ferreira Pereira","Sidcley"
92501,"Lucas Lovat","Lucas Lovat"
86766,"Matheus Rossetto","Matheus Rossetto"
86757,"Everton Sousa Soares","Everton"
86740,"João Lucas Cardoso","João Lucas"
94765,"Leonardo Peixoto Principe","Léo Principe"
86776,"Jordi Almeida","Jordi"
94509,"Raphael Cavalcante Veiga","Raphael Veiga"
86783,"Henrique Gelain Custódio","Henrique Gelain"
92497,"Douglas Augusto Soares Gomes","Douglas"
86797,"Raniel Santana de Vasconcelos","Raniel"
94583,"Pedro Guilherme Abreu dos Santos","Pedro"
92574,"Kaio Silva Mendes","Kaio"
86859,"José Welison da Silva","José Welison"
86874,"Edson Carlos Santos Lima Junior","Capa"
86935,"Rodrigo Vasconcelos Oliveira","Rodrigo"
86970,"Eduardo Gabriel dos Santos Bauermann","Eduardo Bauermann"
86972,"Emerson Raymundo Santos","Emerson Santos"
86974,"Caio César da Silva Silveira","Caio César"
86861,"Luís Vinícius da Silva Matos","Vinicius"
86863,"Luiz Otávio da Silva Santos","Luiz Otávio "
87008,"Leonardo Cesar Jardim","Léo"
86973,"Leonardo Gomes da Conceição Silva","Léo Gomes"
87028,"Luiz Humberto da Silva Silva","Beto da Silva"
87192,"José Carlos Cracco Neto","Zeca"
87098,"Matheus Vieira Campos Peixoto","Matheus Peixoto"
87158,"Cicero Clebson Alves Santana","Cícero"
87225,"Pedro Henrique Ribeiro Gonçalves","Pedro Henrique"
87398,"Rodrigo de Souza Prado","Rodrigão"
87350,"Julio Buffarini","Buffarini"
87267,"Marcos do Nascimento Teixeira","Marcão"
87342,"Walter Kannemann","Kannemann"
87552,"Vitor Frezarin Bueno","Vitor Bueno"
87228,"Guilherme Antonio Arana Lopes","Guilherme Arana"
87393,"Gabriel Costa França","Gabriel"
87437,"Caíque Silva Sá","Caíque Sá"
86686,"Danilo das Neves Pinheiro","Tchê Tchê"
87747,"Yago Felipe da Costa Rocha","Yago"
87486,"Matheus Reis de Lima","Matheus Reis"
87877,"Júnior Nazareno Sornoza Moreira","Sornoza"
87863,"Giorgian Daniel de Arrascaeta Benedetti","Arrascaeta"
87743,"Leonardo Araújo dos Santos","Léo Santos"
87887,"Fabián Cornelio Balbuena González","Balbuena"
88030,"Warian dos Santos Souza","Warian Santos "
87874,"Jefferson Gabriel Orejuela Izquierdo","Orejuela"
87946,"Geremias Ribeiro Júnior","Júnior"
88002,"Sergio Antonio Soler de Oliveira Junior","Serginho"
87859,"Emilio Enrique Zeballos Gutiérrez","Zeballos"
87864,"Felipe Gedoz da Conceição","Felipe Gedoz "
88087,"Ramon Menezes Roma","Ramon"
88417,"Iago Ângelo Dias","Iago"
88136,"Ivan Quaresma da Silva","Ivan"
88225,"Daniel Guedes da Silva","Daniel Guedes "
87999,"Gustavo Henrique Furtado Scarpa","Gustavo Scarpa"
88597,"Lucas de Figueiredo Crispim","Lucas Crispim"
88125,"Yuri Antonio Costa da Silva","Yuri"
88379,"Jean Patrick Reis","Jean Patrick"
88323,"Ángel Rodrigo Romero Villamayor","Ángel Romero"
88651,"Vinicius Rodolfo de Souza Oliveira","Vinícius Tanque"
88539,"João Vitor Pereira de Alcantara","João Vitor "
88667,"Igor Ribeiro de Jesus","Igor"
89150,"Jean Carlos de Souza Irmer","Jean"
89273,"João Pedro Maturano dos Santos","João Pedro "
89156,"Nathan Pelae Cardoso","Nathan"
89227,"Ânderson Balbino Assis","Balbino"
89341,"Nicolas Morês da Cruz","Nicolas Careca"
89190,"Judivan Flor da Silva","Judivan "
88933,"Bruno Jacinto da Silva","Bruno Paulista"
89285,"Matheus de Sales Cabral","Matheus Sales"
89253,"Maurício Andreazzi Pereira","Andreazzi"
89342,"Wanderson de Jesus Martins","Caju"
89343,"Carlos Eugenio Júnior Tavares dos Santos","Júnior Tavares"
89492,"Saulo Ferreira Silva Nascimento","Saulo"
89493,"Igor Rabello da Costa","Igor Rabello"
85004,"Marcos Felipe de Freitas Monteiro","Marcos Felipe "
85083,"Vinicius Silvestre da Costa","Vinicius Silvestre"
85040,"Gabriel Augusto Xavier","Gabriel Xavier"
89676,"Nickson Gabriel Reis Silva","Nickson"
85418,"Uilson Pedruzzi de Oliveira","Uilson"
85149,"Ronaldo Henrique Ferreira da Silva","Ronaldo"
85425,"João Paulo Silva Martins","João Paulo"
85121,"Robert Gonçalves Santos","Robert "
85241,"Yerry Fernando Mina González","Yerry Mina"
85211,"Thalles Lima","Thalles"
85423,"Wanderson Ferreira de Oliveira","Valdívia"
85591,"Artur Sérgio Batista de Souza","Artur"
85931,"Hyoran Kaue Dalmoro","Hyoran"
89637,"Thiago Maia Alencar","Thiago Maia"
85586,"Jonas Gomes de Sousa","Jonas"
95180,"Wildson Silva de Melo","Índio"
95263,"Lucas Henrique dos Santos","Luquinhas"
86120,"Miguel Angel Borja Hernandez","Borja"
85629,"Daniel Correa Freitas","Daniel"
95315,"Gustavo Marcelo Cardoso Soares","Índio"
85626,"Leonardo Pinheiro da Conceição","Léo"
97449,"Vitor Carvalho Vieira","Carvalho"
99882,"Fabiano Soares Pessoa","Fabiano Soares"
50880,"Keirrison de Souza Carneiro","Keirrison"
68873,"Paulo Victor Mileo Vidotti","Paulo Victor"
68958,"Wallace Reis da Silva","Wallace Reis "
71116,"Roberto Heuchayer Santos de Araújo","Roberto"
92708,"Deyverson Brum Silva Acosta","Deyverson"
36943,"Paulo Autuori","Paulo Autuori"
37245,"Augusto Sérgio Ferreira","Guto Ferreira"
37246,"Ney Franco da Silveira Júnior","Ney Franco"
37333,"Marcelo Ribeiro Cabo","Marcelo Cabo"
37627,"Rodrigo Oliveira de Bittencourt","Diguinho"
37652,"Carlos Alberto Gomes de Jesus","Carlos Alberto"
37663,"Julio Cesar Coelho de Moraes Júnior","Julio Cesar"
38230,"Edinaldo Batista Libânio","Grafite"
38400,"Vinícius Pacheco dos Santos","Vinícius Pacheco"
38632,"Matheus Ferraz Pereira","Matheus Ferraz"
38768,"André Luiz Tavares","Andrezinho"
39850,"Vagner Carmo Mancini","Vagner Mancini"
54424,"Willians Domingos Fernandes","Willians"
68918," Bruno Paulo Machado Barbosa","Bruno Paulo"
69095,"Walter Damián Montillo","Montillo"
70061,"Marcus Winícius Silva Lima","Marcus Winícius"
71090,"João Filipe Rabelo da Costa e Silva","João Filipe"
71123,"Thiago Henrique Mendes Ribeiro","Thiago Mendes"
72605,"Vitor Hugo Franchescoli de Souza","Vitor Hugo"
74075,"Wallace Oliveira dos Santos","Wallace Oliveira"
74083,"Adryan Oliveira Tavares","Adryan "
77777,"João Felipe Schimdt Urbano","João Schmidt "
79553,"Joeliton Lima Santos","Mansur"
80374,"Norberto Pereira Marinho Neto","Norberto "
80441,"Rafael de Jesus Bonfim ","Bonfim "
81923,"Alejandro César Donatti","Donatti"
82627,"Luiz de Araujo Guimaraes Neto","Luiz Araújo"
82876,"Roberto Pimenta Vinagre Filho","Betinho"
83791,"Diego Jardel Koester","Diego Jardel"
85069,"Renan Paulino de Souza","Renan Paulino"
86323,"Walterson Silva","Walterson"
86765,"Bruno da Mota Miranda","Bruno Mota"
86775,"Dejan Petkovic","Petkovic"
86932,"Gustavo Henrique da Silva Sousa","Gustavo"
87470,"Thaciano Mickael da Silva","Thaciano"
87742,"Antônio Francisco Moura Neto","Neto Moura"
88070,"Otacilio Brito Alves","Cafu"
88309,"Renato da Silva Júnior","Renato"
88310,"Lucas Itamir de Sá","Lucas de Sá"
89839,"Andres Eliseo Chavez","Andres Chavez"
90406,"Crysan da Cruz Queiroz Barcelos","Crysan"
91100,"Alípio Duarte Brandão","Alípio"
91264,"Matheus Gonçalves Sávio","Matheus Sávio"
91654,"Daniel da Silva dos Anjos","Daniel dos Anjos"
91687," João Pedro Heinen Silva","João Pedro"
92128,"Luis Henrique Farinhas Taffner","Luis Henrique"
92225,"Thiago Ferreira Lopes","Thiago Lopes"
93108,"Mateus da Silva Vital Assumpção","Mateus Pet"
93282,"Fábio Carvalho Matos","Fábio"
93791,"Daniel Sampaio Simões","Danielzinho"
94269,"Luiz Otávio Alves Marcolino","Luiz Otávio"
95549,"Marcelo Leite Pereira","Marcelinho"
95855,"Kady Iuri Borges Malinowski","Kady"
97341,"Rogério Ceni","Rogério Ceni"
97877,"Patrick Correia Sales","Patrick"
99535,"Vinicius José Paixão de Oliveira Júnior","Vinicius Júnior"
86970,"Eduardo Gabriel dos Santos Bauermann","Eduardo Gabriel"
87211,"Eduardo Augusto Baptista Miguel","Eduardo Baptista"
87946,"Geremias Ribeiro Junior","Todinho"
94857,"Jonathan David Gómez Ospina","Jonathan Gómez"
37424,"Luiz Carlos de Oliveira Preto","Pintado"
91318,"João Paulo Sanches","João Paulo Sanches"
99669,"Elano Blumer","Elano"
99718,"Gabriel Dal Toé Busanello","Busanello"
97448,"Thalisson Kelven da Silva","Thalisson Kelven"
99892,"Luis Alberto Ali Veja","Luis Ali"
99894,"José Francisco dos Santos Júnior","Junior Brumado"
73144,"Jorge Darío Mendoza Torres","Jorge Mendoza"
80076,"Jose Roberto Assunção de Araújo Filho","Zé Roberto"
38509,"Diego Alves Carreira","Diego Alves"
38648,"Anderson Hernanes de Carvalho Andrade Lima","Hernanes"
38617,"Danilo Verón Bairros","Danilinho"
52618,"Anderson Vieira Martins","Anderson Martins"
68886,"Rodrigo Júnior Paula Silva","Digão"
71043,"Leonardo da Silva Vieira","Leo"
80080,"Brenner Marlos Varanda de Oliveira","Brenner"
82625,"Mauro Job Pontes Junior","Maurinho"
83266,"Marcos Guilherme de Almeida Santos Matos","Marcos Guilherme "
87679,"Santiago Tréllez Vivero","Tréllez"
99897,"Flávio Pinto Tanajura","Flávio Tanajura"
97803,"Roger Ibanez da Silva","Ibanez"
99832,"Leonardo da Silva Simas","Leonardo Simas"
99894,"José Francisco dos Santos Júnior","Júnior Brumado"
99896,"Robson Luiz Martins Gomes","Robson Gomes"
94068,"Lucas Ribamar Lopes dos Santos Bibiano","Ribamar"
93317,"Diogo Giacomini","Diogo Giacomini"
62136,"Marcelo de Oliveira Santos","Marcelo Oliveira"
70526,"Mário Rogério Reis Micale ","Rogério Micale"
74134,"Michael Antonio Arroyo Mina","Arroyo"
79032,"William Augusto Alves Conserva","William Alves"
95562,"Alexis Nahuel Messidoro","Messidoro"
98484,"Victor Hugo Soares dos Santos","Kanu"
99900,"Luan Martins Pereira","Luan Pereira"
99903,"Lucas da Silva Ribeiro Campos","Lucas Campos"
90959,"Esteban Andrés Pavez Suazo","Esteban Pavez"
63119,"Evanildo Borges Barbosa Júnior","Juninho"
87872,"Fernando Alexander Guerrero Vásquez","Fernando Guerrero"
70987,"Pablo Diogo Lopes de Lima","Pablo Diogo"
97803,"Roger Ibañez da Silva","Ibañez"
98412,"Giovanni Silva Tiepo","Tiepo"
97449,"Vitor Carvalho Vieira","Vitor Carvalho"
99630,"Carlos Eduardo Casagrande","Preto Casagrande"
99883,"Cristian Anderson Penilla Caicedo","Penilla"
99918,"Patrick Machado Ferreira ","Patrick"
99915,"Ezequiel Santos da Silva","Ezequiel"
83813,"Júlio César Czarnerski","Júlio César "
79019,"Jayme de Almeida Filho","Jayme de Almeida"
99921,"Khevin Rodrigo Fraga","Khevin"
98832,"Jean Pyerre Casagrande Silveira Correa","Jean Pyerre"
